kind,x,eta,time
dg_trace,0,0.37836263866477948,0.11808815689988486
dg_trace,0.054246874552401028,0.3893024238561768,0.11808815689988486
dg_trace,0.15707963267948963,0.39231329394416425,0.11808815689988486
dg_trace,0.25991239080657835,0.37096353282348149,0.11808815689988486
dg_trace,0.31415926535897931,0.3517604072386083,0.11808815689988486
dg_trace,0.31415926535897931,0.3517604072386083,0.11808815689988486
dg_trace,0.36840613991138038,0.32834136438100026,0.11808815689988486
dg_trace,0.47123889803846886,0.28130382752013061,0.11808815689988486
dg_trace,0.57407165616555778,0.23649731929572007,0.11808815689988486
dg_trace,0.62831853071795862,0.21496411854997804,0.11808815689988486
dg_trace,0.62831853071795862,0.21496411854997804,0.11808815689988486
dg_trace,0.68256540527035969,0.19471254760240114,0.11808815689988486
dg_trace,0.78539816339744806,0.15832277067052064,0.11808815689988486
dg_trace,0.88823092152453686,0.12293264294084116,0.11808815689988486
dg_trace,0.94247779607693793,0.10438455440042403,0.11808815689988486
dg_trace,0.94247779607693793,0.10438455440042403,0.11808815689988486
dg_trace,0.996724670629339,0.0861724328560729,0.11808815689988486
dg_trace,1.0995574287564274,0.053478387483430485,0.11808815689988486
dg_trace,1.2023901868835165,0.024589355736921639,0.11808815689988486
dg_trace,1.2566370614359172,0.011127645230018935,0.11808815689988486
dg_trace,1.2566370614359172,0.011127645230018935,0.11808815689988486
dg_trace,1.3108839359883184,-0.0012230308337440286,0.11808815689988486
dg_trace,1.4137166941154067,-0.022284259271060113,0.11808815689988486
dg_trace,1.5165494522424956,-0.04151939522977393,0.11808815689988486
dg_trace,1.5707963267948966,-0.051269052629410609,0.11808815689988486
dg_trace,1.5707963267948966,-0.051269052629410609,0.11808815689988486
dg_trace,1.6250432013472975,-0.060768904526638801,0.11808815689988486
dg_trace,1.7278759594743855,-0.077815334551329066,0.11808815689988486
dg_trace,1.8307087176014749,-0.092941765345058033,0.11808815689988486
dg_trace,1.8849555921538759,-0.099946696638978483,0.11808815689988486
dg_trace,1.8849555921538759,-0.099946696638978483,0.11808815689988486
dg_trace,1.9392024667062773,-0.10627498879997167,0.11808815689988486
dg_trace,2.0420352248333651,-0.11666374845624823,0.11808815689988486
dg_trace,2.1448679829604544,-0.12559574732790038,0.11808815689988486
dg_trace,2.1991148575128552,-0.12996838479290304,0.11808815689988486
dg_trace,2.1991148575128552,-0.12996838479290304,0.11808815689988486
dg_trace,2.2533617320652559,-0.13417378730066065,0.11808815689988486
dg_trace,2.3561944901923444,-0.14167933282460646,0.11808815689988486
dg_trace,2.4590272483194342,-0.14832263126139128,0.11808815689988486
dg_trace,2.5132741228718345,-0.15136064883959779,0.11808815689988486
dg_trace,2.5132741228718345,-0.15136064883959779,0.11808815689988486
dg_trace,2.5675209974242357,-0.15405118875772952,0.11808815689988486
dg_trace,2.6703537555513237,-0.15824569487517082,0.11808815689988486
dg_trace,2.7731865136784131,-0.1615030704319603,0.11808815689988486
dg_trace,2.8274333882308138,-0.16295721354357207,0.11808815689988486
dg_trace,2.8274333882308138,-0.16295721354357207,0.11808815689988486
dg_trace,2.881680262783215,-0.16426247725815049,0.11808815689988486
dg_trace,2.984513020910303,-0.16633519615998502,0.11808815689988486
dg_trace,3.0873457790373924,-0.167776368338516,0.11808815689988486
dg_trace,3.1415926535897931,-0.16823500614634238,0.11808815689988486
dg_trace,3.1415926535897931,-0.16823500614634238,0.11808815689988486
dg_trace,3.1958395281421939,-0.16848359308090791,0.11808815689988486
dg_trace,3.2986722862692819,-0.16843680103288594,0.11808815689988486
dg_trace,3.4015050443963717,-0.16785272051979197,0.11808815689988486
dg_trace,3.455751918948772,-0.16736400095556009,0.11808815689988486
dg_trace,3.455751918948772,-0.16736400095556009,0.11808815689988486
dg_trace,3.5099987935011736,-0.16673450907096174,0.11808815689988486
dg_trace,3.6128315516282616,-0.16502476436869237,0.11808815689988486
dg_trace,3.715664309755351,-0.16239218539827538,0.11808815689988486
dg_trace,3.7699111843077517,-0.16056485757023972,0.11808815689988486
dg_trace,3.7699111843077517,-0.16056485757023972,0.11808815689988486
dg_trace,3.8241580588601529,-0.15844594090307737,0.11808815689988486
dg_trace,3.9269908169872405,-0.15377860326973358,0.11808815689988486
dg_trace,4.0298235751143308,-0.14855518777672549,0.11808815689988486
dg_trace,4.0840704496667311,-0.14565279790739943,0.11808815689988486
dg_trace,4.0840704496667311,-0.14565279790739943,0.11808815689988486
dg_trace,4.1383173242191322,-0.14262344524899573,0.11808815689988486
dg_trace,4.2411500823462198,-0.13627396265962541,0.11808815689988486
dg_trace,4.3439828404733101,-0.12854908008144511,0.11808815689988486
dg_trace,4.3982297150257104,-0.12370303105418567,0.11808815689988486
dg_trace,4.3982297150257104,-0.12370303105418567,0.11808815689988486
dg_trace,4.4524765895781115,-0.11827826393647364,0.11808815689988486
dg_trace,4.5553093477051991,-0.10652792849780841,0.11808815689988486
dg_trace,4.6581421058322894,-0.093362038019999941,0.11808815689988486
dg_trace,4.7123889803846897,-0.08607657216951492,0.11808815689988486
dg_trace,4.7123889803846897,-0.08607657216951492,0.11808815689988486
dg_trace,4.7666358549370909,-0.078615065642847148,0.11808815689988486
dg_trace,4.8694686130641784,-0.063824815174519253,0.11808815689988486
dg_trace,4.9723013711912696,-0.047419315485643522,0.11808815689988486
dg_trace,5.026548245743669,-0.037686118207123066,0.11808815689988486
dg_trace,5.026548245743669,-0.037686118207123066,0.11808815689988486
dg_trace,5.0807951202960702,-0.026995829776714012,0.11808815689988486
dg_trace,5.1836278784231578,-0.0038983000780568023,0.11808815689988486
dg_trace,5.286460636550248,0.02259514498889828,0.11808815689988486
dg_trace,5.3407075111026483,0.037571950620779414,0.11808815689988486
dg_trace,5.3407075111026483,0.037571950620779414,0.11808815689988486
dg_trace,5.3949543856550495,0.052956516243237967,0.11808815689988486
dg_trace,5.4977871437821371,0.082972324023404626,0.11808815689988486
dg_trace,5.6006199019092273,0.11411171351764297,0.11808815689988486
dg_trace,5.6548667764616276,0.13137177594568467,0.11808815689988486
dg_trace,5.6548667764616276,0.13137177594568467,0.11808815689988486
dg_trace,5.7091136510140288,0.14968556261467147,0.11808815689988486
dg_trace,5.8119464091411164,0.18770577792279283,0.11808815689988486
dg_trace,5.9147791672682066,0.23065626527748179,0.11808815689988486
dg_trace,5.9690260418206069,0.25507138202571511,0.11808815689988486
dg_trace,5.9690260418206069,0.25507138202571511,0.11808815689988486
dg_trace,6.0232729163730081,0.27952203092312483,0.11808815689988486
dg_trace,6.1261056745000948,0.3248206740419658,0.11808815689988486
dg_trace,6.2289384326271859,0.36357649809611026,0.11808815689988486
dg_trace,6.2831853071795862,0.37836263866477948,0.11808815689988486
exact,0,0.37994237654010377,0.11808815689988486
exact,0.0062894747819615474,0.38138784987718788,0.11808815689988486
exact,0.012578949563923095,0.38275782342954634,0.11808815689988486
exact,0.018868424345884642,0.38405092506865746,0.11808815689988486
exact,0.025157899127846189,0.38526585349524711,0.11808815689988486
exact,0.031447373909807737,0.38640138066301932,0.11808815689988486
exact,0.037736848691769284,0.38745635407139312,0.11808815689988486
exact,0.044026323473730831,0.38842969892191892,0.11808815689988486
exact,0.050315798255692379,0.38932042013337065,0.11808815689988486
exact,0.056605273037653926,0.39012760421081683,0.11808815689988486
exact,0.062894747819615474,0.3908504209643211,0.11808815689988486
exact,0.069184222601577028,0.39148812507326936,0.11808815689988486
exact,0.075473697383538568,0.39204005749266058,0.11808815689988486
exact,0.081763172165500109,0.39250564669809496,0.11808815689988486
exact,0.088052646947461663,0.39288440976653294,0.11808815689988486
exact,0.094342121729423217,0.39317595329031341,0.11808815689988486
exact,0.10063159651138476,0.39337997412228165,0.11808815689988486
exact,0.1069210712933463,0.39349625995028958,0.11808815689988486
exact,0.11321054607530785,0.39352468969972199,0.11808815689988486
exact,0.11950002085726941,0.39346523376310594,0.11808815689988486
exact,0.12578949563923095,0.3933179540562679,0.11808815689988486
exact,0.13207897042119249,0.3930830039008999,0.11808815689988486
exact,0.13836844520315406,0.39276062773382159,0.11808815689988486
exact,0.1446579199851156,0.39235116064360742,0.11808815689988486
exact,0.15094739476707714,0.39185502773567293,0.11808815689988486
exact,0.15723686954903868,0.39127274332729578,0.11808815689988486
exact,0.16352634433100022,0.39060490997446973,0.11808815689988486
exact,0.16981581911296179,0.38985221733285047,0.11808815689988486
exact,0.17610529389492333,0.38901544085547046,0.11808815689988486
exact,0.18239476867688487,0.38809544033025478,0.11808815689988486
exact,0.18868424345884643,0.38709315826075996,0.11808815689988486
exact,0.19497371824080797,0.38600961809390588,0.11808815689988486
exact,0.20126319302276952,0.38484592229883807,0.11808815689988486
exact,0.20755266780473106,0.3836032503013862,0.11808815689988486
exact,0.2138421425866926,0.38228285627893133,0.11808815689988486
exact,0.22013161736865416,0.38088606682079851,0.11808815689988486
exact,0.2264210921506157,0.37941427845960418,0.11808815689988486
exact,0.23271056693257725,0.37786895507928264,0.11808815689988486
exact,0.23900004171453881,0.37625162520578215,0.11808815689988486
exact,0.24528951649650035,0.37456387918669676,0.11808815689988486
exact,0.25157899127846189,0.37280736626632782,0.11808815689988486
exact,0.25786846606042346,0.37098379156291816,0.11808815689988486
exact,0.26415794084238498,0.36909491295499497,0.11808815689988486
exact,0.27044741562434654,0.36714253788396278,0.11808815689988486
exact,0.27673689040630811,0.36512852008026053,0.11808815689988486
exact,0.28302636518826962,0.36305475622054839,0.11808815689988486
exact,0.28931583997023119,0.36092318252353639,0.11808815689988486
exact,0.2956053147521927,0.35873577129218148,0.11808815689988486
exact,0.30189478953415427,0.35649452741007526,0.11808815689988486
exact,0.30818426431611584,0.35420148479992641,0.11808815689988486
exact,0.31447373909807735,0.35185870285210941,0.11808815689988486
exact,0.32076321388003892,0.34946826283126686,0.11808815689988486
exact,0.32705268866200043,0.34703226426900358,0.11808815689988486
exact,0.333342163443962,0.34455282135067899,0.11808815689988486
exact,0.33963163822592357,0.34203205930430625,0.11808815689988486
exact,0.34592111300788508,0.33947211079950934,0.11808815689988486
exact,0.35221058778984665,0.33687511236443668,0.11808815689988486
exact,0.35850006257180822,0.33424320082844727,0.11808815689988486
exact,0.36478953735376973,0.33157850979828507,0.11808815689988486
exact,0.3710790121357313,0.32888316617533664,0.11808815689988486
exact,0.37736848691769287,0.32615928672143424,0.11808815689988486
exact,0.38365796169965438,0.32340897468050356,0.11808815689988486
exact,0.38994743648161595,0.32063431646318818,0.11808815689988486
exact,0.39623691126357746,0.31783737840138993,0.11808815689988486
exact,0.40252638604553903,0.31502020357945493,0.11808815689988486
exact,0.4088158608275006,0.31218480874851173,0.11808815689988486
exact,0.41510533560946211,0.30933318133023713,0.11808815689988486
exact,0.42139481039142368,0.30646727651605365,0.11808815689988486
exact,0.42768428517338519,0.30358901446751729,0.11808815689988486
exact,0.43397375995534676,0.30070027762335227,0.11808815689988486
exact,0.44026323473730833,0.29780290811831378,0.11808815689988486
exact,0.44655270951926984,0.29489870531874107,0.11808815689988486
exact,0.45284218430123141,0.29198942347935275,0.11808815689988486
exact,0.45913165908319298,0.28907676952551498,0.11808815689988486
exact,0.46542113386515449,0.28616240096486956,0.11808815689988486
exact,0.47171060864711606,0.28324792393186859,0.11808815689988486
exact,0.47800008342907763,0.28033489136842116,0.11808815689988486
exact,0.48428955821103914,0.27742480134348302,0.11808815689988486
exact,0.49057903299300071,0.27451909551408127,0.11808815689988486
exact,0.49686850777496222,0.27161915772987966,0.11808815689988486
exact,0.50315798255692379,0.26872631278303127,0.11808815689988486
exact,0.5094474573388853,0.26584182530469813,0.11808815689988486
exact,0.51573693212084692,0.2629668988092313,0.11808815689988486
exact,0.52202640690280844,0.26010267488664796,0.11808815689988486
exact,0.52831588168476995,0.25725023254365209,0.11808815689988486
exact,0.53460535646673157,0.25441058769309666,0.11808815689988486
exact,0.54089483124869309,0.25158469279139428,0.11808815689988486
exact,0.5471843060306546,0.24877343662303608,0.11808815689988486
exact,0.55347378081261622,0.24597764423101598,0.11808815689988486
exact,0.55976325559457774,0.24319807699159002,0.11808815689988486
exact,0.56605273037653925,0.24043543283147617,0.11808815689988486
exact,0.57234220515850076,0.23769034658523847,0.11808815689988486
exact,0.57863167994046238,0.23496339049028103,0.11808815689988486
exact,0.5849211547224239,0.23225507481654373,0.11808815689988486
exact,0.59121062950438541,0.22956584862769303,0.11808815689988486
exact,0.59750010428634703,0.22689610067027832,0.11808815689988486
exact,0.60378957906830855,0.22424616038705447,0.11808815689988486
exact,0.61007905385027006,0.22161629905037938,0.11808815689988486
exact,0.61636852863223168,0.21900673101132817,0.11808815689988486
exact,0.6226580034141932,0.21641761505992241,0.11808815689988486
exact,0.62894747819615471,0.21384905589162995,0.11808815689988486
exact,0.63523695297811633,0.211301105675056,0.11808815689988486
exact,0.64152642776007784,0.20877376571555928,0.11808815689988486
exact,0.64781590254203936,0.206266988209312,0.11808815689988486
exact,0.65410537732400087,0.20378067808215916,0.11808815689988486
exact,0.66039485210596249,0.20131469490746423,0.11808815689988486
exact,0.66668432688792401,0.19886885489698658,0.11808815689988486
exact,0.67297380166988552,0.1964429329587114,0.11808815689988486
exact,0.67926327645184714,0.19403666481543591,0.11808815689988486
exact,0.68555275123380865,0.19164974917782973,0.11808815689988486
exact,0.69184222601577017,0.18928184996560993,0.11808815689988486
exact,0.69813170079773179,0.18693259857041267,0.11808815689988486
exact,0.7044211755796933,0.18460159615390292,0.11808815689988486
exact,0.71071065036165482,0.18228841597464851,0.11808815689988486
exact,0.71700012514361644,0.1799926057372665,0.11808815689988486
exact,0.72328959992557795,0.17771368995738235,0.11808815689988486
exact,0.72957907470753947,0.17545117233595153,0.11808815689988486
exact,0.73586854948950109,0.17320453813655634,0.11808815689988486
exact,0.7421580242714626,0.17097325655935092,0.11808815689988486
exact,0.74844749905342411,0.16875678310540265,0.11808815689988486
exact,0.75473697383538574,0.16655456192528306,0.11808815689988486
exact,0.76102644861734725,0.16436602814587276,0.11808815689988486
exact,0.76731592339930876,0.16219061016946501,0.11808815689988486
exact,0.77360539818127028,0.16002773193941233,0.11808815689988486
exact,0.7798948729632319,0.15787681516670249,0.11808815689988486
exact,0.78618434774519341,0.1557372815120277,0.11808815689988486
exact,0.79247382252715493,0.15360855471810186,0.11808815689988486
exact,0.79876329730911655,0.15149006268716758,0.11808815689988486
exact,0.80505277209107806,0.14938123949885473,0.11808815689988486
exact,0.81134224687303957,0.14728152736376554,0.11808815689988486
exact,0.8176317216550012,0.14519037850839678,0.11808815689988486
exact,0.82392119643696271,0.14310725698725313,0.11808815689988486
exact,0.83021067121892422,0.14103164041825167,0.11808815689988486
exact,0.83650014600088585,0.13896302163778285,0.11808815689988486
exact,0.84278962078284736,0.13690091027205331,0.11808815689988486
exact,0.84907909556480887,0.13484483422161708,0.11808815689988486
exact,0.85536857034677038,0.13279434105627552,0.11808815689988486
exact,0.86165804512873201,0.13074899931781458,0.11808815689988486
exact,0.86794751991069352,0.12870839972833692,0.11808815689988486
exact,0.87423699469265503,0.12667215630223416,0.11808815689988486
exact,0.88052646947461666,0.12463990736015029,0.11808815689988486
exact,0.88681594425657817,0.12261131644357026,0.11808815689988486
exact,0.89310541903853968,0.12058607312898006,0.11808815689988486
exact,0.89939489382050131,0.11856389374082887,0.11808815689988486
exact,0.90568436860246282,0.11654452196283049,0.11808815689988486
exact,0.91197384338442433,0.1145277293474336,0.11808815689988486
exact,0.91826331816638596,0.11251331572358136,0.11808815689988486
exact,0.92455279294834747,0.11050110950317049,0.11808815689988486
exact,0.93084226773030898,0.10849096788690926,0.11808815689988486
exact,0.9371317425122706,0.10648277697055009,0.11808815689988486
exact,0.94342121729423212,0.10447645175274811,0.11808815689988486
exact,0.94971069207619363,0.10247193604606775,0.11808815689988486
exact,0.95600016685815525,0.10046920229291545,0.11808815689988486
exact,0.96228964164011677,0.098468251288436726,0.11808815689988486
exact,0.96857911642207828,0.096469111812658381,0.11808815689988486
exact,0.97486859120403979,0.094471840174384925,0.11808815689988486
exact,0.98115806598600142,0.092476519669600021,0.11808815689988486
exact,0.98744754076796293,0.090483259957325979,0.11808815689988486
exact,0.99373701554992444,0.088492196356100061,0.11808815689988486
exact,1.0000264903318861,0.086503489064437167,0.11808815689988486
exact,1.0063159651138476,0.084517322308799825,0.11808815689988486
exact,1.0126054398958091,0.08253390342280098,0.11808815689988486
exact,1.0188949146777706,0.080553461861491593,0.11808815689988486
exact,1.0251843894597321,0.078576248154750505,0.11808815689988486
exact,1.0314738642416938,0.076602532803916157,0.11808815689988486
exact,1.0377633390236554,0.074632605125914298,0.11808815689988486
exact,1.0440528138056169,0.072666772049247097,0.11808815689988486
exact,1.0503422885875784,0.070705356866296087,0.11808815689988486
exact,1.0566317633695399,0.068748697946461768,0.11808815689988486
exact,1.0629212381515014,0.066797147414734859,0.11808815689988486
exact,1.0692107129334631,0.06485106980032862,0.11808815689988486
exact,1.0755001877154247,0.06291084066004915,0.11808815689988486
exact,1.0817896624973862,0.06097684518108526,0.11808815689988486
exact,1.0880791372793477,0.059049476767915055,0.11808815689988486
exact,1.0943686120613092,0.057129135618014582,0.11808815689988486
exact,1.1006580868432707,0.055216227291023046,0.11808815689988486
exact,1.1069475616252324,0.053311161275998442,0.11808815689988486
exact,1.113237036407194,0.051414349561328843,0.11808815689988486
exact,1.1195265111891555,0.049526205211817942,0.11808815689988486
exact,1.125815985971117,0.047647140957371326,0.11808815689988486
exact,1.1321054607530785,0.045777567797640861,0.11808815689988486
exact,1.13839493553504,0.043917893626859161,0.11808815689988486
exact,1.1446844103170015,0.042068521883012133,0.11808815689988486
exact,1.1509738850989633,0.040229850225344199,0.11808815689988486
exact,1.1572633598809248,0.038402269244082632,0.11808815689988486
exact,1.1635528346628863,0.036586161206103363,0.11808815689988486
exact,1.1698423094448478,0.034781898840116954,0.11808815689988486
exact,1.1761317842268093,0.032989844164788895,0.11808815689988486
exact,1.1824212590087708,0.031210347363022306,0.11808815689988486
exact,1.1887107337907326,0.029443745705476143,0.11808815689988486
exact,1.1950002085726941,0.027690362526180179,0.11808815689988486
exact,1.2012896833546556,0.025950506252920391,0.11808815689988486
exact,1.2075791581366171,0.024224469494883216,0.11808815689988486
exact,1.2138686329185786,0.02251252818980598,0.11808815689988486
exact,1.2201581077005401,0.020814940812713623,0.11808815689988486
exact,1.2264475824825016,0.019131947648066916,0.11808815689988486
exact,1.2327370572644634,0.017463770126953326,0.11808815689988486
exact,1.2390265320464249,0.015810610230721611,0.11808815689988486
exact,1.2453160068283864,0.01417264996223877,0.11808815689988486
exact,1.2516054816103479,0.01255005088572303,0.11808815689988486
exact,1.2578949563923094,0.010942953735878724,0.11808815689988486
exact,1.2641844311742709,0.009351478096841781,0.11808815689988486
exact,1.2704739059562327,0.0077757221512113617,0.11808815689988486
exact,1.2767633807381942,0.0062157624992194016,0.11808815689988486
exact,1.2830528555201557,0.0046716540478806134,0.11808815689988486
exact,1.2893423303021172,0.0031434299697319368,0.11808815689988486
exact,1.2956318050840787,0.0016311017305652431,0.11808815689988486
exact,1.3019212798660402,0.00013465918534460997,0.11808815689988486
exact,1.3082107546480017,-0.0013459292587114646,0.11808815689988486
exact,1.3145002294299635,-0.0028107164130918294,0.11808815689988486
exact,1.320789704211925,-0.004259776014424399,0.11808815689988486
exact,1.3270791789938865,-0.0056932023679627797,0.11808815689988486
exact,1.333368653775848,-0.0071111099299225877,0.11808815689988486
exact,1.3396581285578095,-0.0085136328306203435,0.11808815689988486
exact,1.345947603339771,-0.0099009243405371317,0.11808815689988486
exact,1.3522370781217328,-0.011273156281598196,0.11808815689988486
exact,1.3585265529036943,-0.012630518386086753,0.11808815689988486
exact,1.3648160276856558,-0.013973217605780963,0.11808815689988486
exact,1.3711055024676173,-0.015301477374005668,0.11808815689988486
exact,1.3773949772495788,-0.016615536823431531,0.11808815689988486
exact,1.3836844520315403,-0.017915649962556568,0.11808815689988486
exact,1.3899739268135021,-0.019202084813907505,0.11808815689988486
exact,1.3962634015954636,-0.020475122517088717,0.11808815689988486
exact,1.4025528763774251,-0.021735056399892816,0.11808815689988486
exact,1.4088423511593866,-0.022982191020738729,0.11808815689988486
exact,1.4151318259413481,-0.024216841185786597,0.11808815689988486
exact,1.4214213007233096,-0.025439330944099448,0.11808815689988486
exact,1.4277107755052711,-0.026649992564273361,0.11808815689988486
exact,1.4340002502872329,-0.027849165495984263,0.11808815689988486
exact,1.4402897250691944,-0.02903719531989446,0.11808815689988486
exact,1.4465791998511559,-0.030214432689391169,0.11808815689988486
exact,1.4528686746331174,-0.031381232267594816,0.11808815689988486
exact,1.4591581494150789,-0.032537951663075604,0.11808815689988486
exact,1.4654476241970404,-0.033684950367672495,0.11808815689988486
exact,1.4717370989790022,-0.034822588699779611,0.11808815689988486
exact,1.4780265737609637,-0.035951226756404164,0.11808815689988486
exact,1.4843160485429252,-0.037071223377246998,0.11808815689988486
exact,1.4906055233248867,-0.038182935123983075,0.11808815689988486
exact,1.4968949981068482,-0.039286715277835782,0.11808815689988486
exact,1.5031844728888097,-0.040382912858460518,0.11808815689988486
exact,1.5094739476707715,-0.041471871667040139,0.11808815689988486
exact,1.515763422452733,-0.042553929356403786,0.11808815689988486
exact,1.5220528972346945,-0.043629416530853948,0.11808815689988486
exact,1.528342372016656,-0.044698655878275706,0.11808815689988486
exact,1.5346318467986175,-0.04576196133696675,0.11808815689988486
exact,1.540921321580579,-0.046819637299489458,0.11808815689988486
exact,1.5472107963625406,-0.04787197785571784,0.11808815689988486
exact,1.5535002711445023,-0.048919266077087631,0.11808815689988486
exact,1.5597897459264638,-0.049961773343919158,0.11808815689988486
exact,1.5660792207084253,-0.050999758717525712,0.11808815689988486
exact,1.5723686954903868,-0.052033468358645418,0.11808815689988486
exact,1.5786581702723483,-0.053063134993592054,0.11808815689988486
exact,1.5849476450543099,-0.054088977429338159,0.11808815689988486
exact,1.5912371198362716,-0.055111200118577841,0.11808815689988486
exact,1.5975265946182331,-0.056129992775648674,0.11808815689988486
exact,1.6038160694001946,-0.057145530044019788,0.11808815689988486
exact,1.6101055441821561,-0.058157971215878401,0.11808815689988486
exact,1.6163950189641176,-0.059167460004170502,0.11808815689988486
exact,1.6226844937460791,-0.060174124367292858,0.11808815689988486
exact,1.6289739685280407,-0.061178076386441016,0.11808815689988486
exact,1.6352634433100024,-0.062179412195470629,0.11808815689988486
exact,1.6415529180919639,-0.063178211962941266,0.11808815689988486
exact,1.6478423928739254,-0.064174539925863083,0.11808815689988486
exact,1.6541318676558869,-0.06516844447449488,0.11808815689988486
exact,1.6604213424378484,-0.066159958287381415,0.11808815689988486
exact,1.66671081721981,-0.067149098515680294,0.11808815689988486
exact,1.6730002920017717,-0.068135867015653218,0.11808815689988486
exact,1.6792897667837332,-0.069120250628072033,0.11808815689988486
exact,1.6855792415656947,-0.070102221503145046,0.11808815689988486
exact,1.6918687163476562,-0.071081737469427808,0.11808815689988486
exact,1.6981581911296177,-0.072058742445066604,0.11808815689988486
exact,1.7044476659115793,-0.07303316688958994,0.11808815689988486
exact,1.7107371406935408,-0.074004928294365224,0.11808815689988486
exact,1.7170266154755025,-0.07497393170970823,0.11808815689988486
exact,1.723316090257464,-0.075940070306559027,0.11808815689988486
exact,1.7296055650394255,-0.076903225970524791,0.11808815689988486
exact,1.735895039821387,-0.077863269926017997,0.11808815689988486
exact,1.7421845146033486,-0.078820063388142847,0.11808815689988486
exact,1.7484739893853101,-0.079773458239908446,0.11808815689988486
exact,1.7547634641672718,-0.080723297732290922,0.11808815689988486
exact,1.7610529389492333,-0.081669417204629946,0.11808815689988486
exact,1.7673424137311948,-0.082611644822771724,0.11808815689988486
exact,1.7736318885131563,-0.083549802332379963,0.11808815689988486
exact,1.7799213632951179,-0.084483705824773159,0.11808815689988486
exact,1.7862108380770794,-0.085413166512659289,0.11808815689988486
exact,1.7925003128590411,-0.086337991513114498,0.11808815689988486
exact,1.7987897876410026,-0.087257984635166874,0.11808815689988486
exact,1.8050792624229641,-0.08817294716935109,0.11808815689988486
exact,1.8113687372049256,-0.089082678676618565,0.11808815689988486
exact,1.8176582119868872,-0.089986977774020094,0.11808815689988486
exact,1.8239476867688487,-0.090885642914608322,0.11808815689988486
exact,1.8302371615508102,-0.091778473159057739,0.11808815689988486
exact,1.8365266363327719,-0.092665268936545697,0.11808815689988486
exact,1.8428161111147334,-0.09354583279249995,0.11808815689988486
exact,1.8491055858966949,-0.094419970120884655,0.11808815689988486
exact,1.8553950606786564,-0.095287489878776777,0.11808815689988486
exact,1.861684535460618,-0.096148205281047505,0.11808815689988486
exact,1.8679740102425795,-0.097001934473075035,0.11808815689988486
exact,1.8742634850245412,-0.097848501179483294,0.11808815689988486
exact,1.8805529598065027,-0.098687735327020798,0.11808815689988486
exact,1.8868424345884642,-0.099519473639784195,0.11808815689988486
exact,1.8931319093704257,-0.10034356020510493,0.11808815689988486
exact,1.8994213841523873,-0.1011598470085282,0.11808815689988486
exact,1.9057108589343488,-0.10196819443644067,0.11808815689988486
exact,1.9120003337163105,-0.10276847174500736,0.11808815689988486
exact,1.918289808498272,-0.10356055749422011,0.11808815689988486
exact,1.9245792832802335,-0.10434433994597958,0.11808815689988486
exact,1.930868758062195,-0.10511971742525639,0.11808815689988486
exact,1.9371582328441566,-0.10588659864352679,0.11808815689988486
exact,1.9434477076261181,-0.10664490298378781,0.11808815689988486
exact,1.9497371824080796,-0.1073945607466178,0.11808815689988486
exact,1.9560266571900413,-0.10813551335685423,0.11808815689988486
exact,1.9623161319720028,-0.10886771353062252,0.11808815689988486
exact,1.9686056067539643,-0.10959112540256832,0.11808815689988486
exact,1.9748950815359259,-0.11030572461327992,0.11808815689988486
exact,1.9811845563178874,-0.11101149835703239,0.11808815689988486
exact,1.9874740310998489,-0.11170844539010139,0.11808815689988486
exact,1.9937635058818106,-0.11239657600003283,0.11808815689988486
exact,2.0000529806637721,-0.11307591193637867,0.11808815689988486
exact,2.0063424554457336,-0.11374648630353468,0.11808815689988486
exact,2.0126319302276952,-0.11440834341642903,0.11808815689988486
exact,2.0189214050096567,-0.11506153861994195,0.11808815689988486
exact,2.0252108797916182,-0.11570613807303376,0.11808815689988486
exact,2.0315003545735797,-0.11634221849867687,0.11808815689988486
exact,2.0377898293555412,-0.11696986690078981,0.11808815689988486
exact,2.0440793041375027,-0.11758918024946718,0.11808815689988486
exact,2.0503687789194642,-0.11820026513589699,0.11808815689988486
exact,2.0566582537014262,-0.11880323739844101,0.11808815689988486
exact,2.0629477284833877,-0.11939822172144121,0.11808815689988486
exact,2.0692372032653492,-0.11998535120838572,0.11808815689988486
exact,2.0755266780473107,-0.12056476693114293,0.11808815689988486
exact,2.0818161528292722,-0.1211366174570353,0.11808815689988486
exact,2.0881056276112337,-0.12170105835557665,0.11808815689988486
exact,2.0943951023931953,-0.12225825168675641,0.11808815689988486
exact,2.1006845771751568,-0.12280836547278895,0.11808815689988486
exact,2.1069740519571183,-0.12335157315529,0.11808815689988486
exact,2.1132635267390798,-0.12388805303986528,0.11808815689988486
exact,2.1195530015210413,-0.12441798773012758,0.11808815689988486
exact,2.1258424763030028,-0.12494156355316632,0.11808815689988486
exact,2.1321319510849643,-0.12545896997850836,0.11808815689988486
exact,2.1384214258669263,-0.12597039903260732,0.11808815689988486
exact,2.1447109006488878,-0.12647604471089524,0.11808815689988486
exact,2.1510003754308493,-0.1269761023894167,0.11808815689988486
exact,2.1572898502128108,-0.12747076823805326,0.11808815689988486
exact,2.1635793249947723,-0.12796023863730643,0.11808815689988486
exact,2.1698687997767339,-0.12844470960059406,0.11808815689988486
exact,2.1761582745586954,-0.12892437620396369,0.11808815689988486
exact,2.1824477493406569,-0.12939943202508486,0.11808815689988486
exact,2.1887372241226184,-0.12987006859333483,0.11808815689988486
exact,2.1950266989045799,-0.13033647485273736,0.11808815689988486
exact,2.2013161736865414,-0.13079883663944358,0.11808815689988486
exact,2.2076056484685029,-0.13125733617539137,0.11808815689988486
exact,2.2138951232504649,-0.13171215157969451,0.11808815689988486
exact,2.2201845980324264,-0.13216345639924532,0.11808815689988486
exact,2.2264740728143879,-0.13261141915993147,0.11808815689988486
exact,2.2327635475963494,-0.13305620293977716,0.11808815689988486
exact,2.2390530223783109,-0.13349796496524569,0.11808815689988486
exact,2.2453424971602725,-0.13393685623182561,0.11808815689988486
exact,2.251631971942234,-0.13437302114995031,0.11808815689988486
exact,2.2579214467241955,-0.13480659721718835,0.11808815689988486
exact,2.264210921506157,-0.13523771471754675,0.11808815689988486
exact,2.2705003962881185,-0.13566649644862883,0.11808815689988486
exact,2.27678987107008,-0.13609305747728195,0.11808815689988486
exact,2.2830793458520415,-0.13651750492426618,0.11808815689988486
exact,2.289368820634003,-0.1369399377783691,0.11808815689988486
exact,2.295658295415965,-0.13736044674028658,0.11808815689988486
exact,2.3019477701979265,-0.13777911409648291,0.11808815689988486
exact,2.308237244979888,-0.13819601362313405,0.11808815689988486
exact,2.3145267197618495,-0.1386112105201569,0.11808815689988486
exact,2.3208161945438111,-0.1390247613752208,0.11808815689988486
exact,2.3271056693257726,-0.13943671415753167,0.11808815689988486
exact,2.3333951441077341,-0.13984710824108249,0.11808815689988486
exact,2.3396846188896956,-0.1402559744569587,0.11808815689988486
exact,2.3459740936716571,-0.14066333517419449,0.11808815689988486
exact,2.3522635684536186,-0.1410692044085784,0.11808815689988486
exact,2.3585530432355801,-0.14147358795871334,0.11808815689988486
exact,2.3648425180175416,-0.14187648356855354,0.11808815689988486
exact,2.3711319927995032,-0.14227788111554918,0.11808815689988486
exact,2.3774214675814651,-0.1426777628234519,0.11808815689988486
exact,2.3837109423634266,-0.14307610349875666,0.11808815689988486
exact,2.3900004171453881,-0.1434728707896844,0.11808815689988486
exact,2.3962898919273496,-0.14386802546653388,0.11808815689988486
exact,2.4025793667093112,-0.14426152172218065,0.11808815689988486
exact,2.4088688414912727,-0.14465330749142979,0.11808815689988486
exact,2.4151583162732342,-0.14504332478788007,0.11808815689988486
exact,2.4214477910551957,-0.14543151005691535,0.11808815689988486
exact,2.4277372658371572,-0.14581779454338051,0.11808815689988486
exact,2.4340267406191187,-0.14620210467247885,0.11808815689988486
exact,2.4403162154010802,-0.14658436244238315,0.11808815689988486
exact,2.4466056901830417,-0.14696448582703203,0.11808815689988486
exact,2.4528951649650033,-0.14734238918756015,0.11808815689988486
exact,2.4591846397469652,-0.14771798369079869,0.11808815689988486
exact,2.4654741145289267,-0.14809117773326763,0.11808815689988486
exact,2.4717635893108882,-0.14846187736908179,0.11808815689988486
exact,2.4780530640928498,-0.14882998674019743,0.11808815689988486
exact,2.4843425388748113,-0.14919540850742097,0.11808815689988486
exact,2.4906320136567728,-0.14955804428063413,0.11808815689988486
exact,2.4969214884387343,-0.14991779504668568,0.11808815689988486
exact,2.5032109632206958,-0.15027456159344732,0.11808815689988486
exact,2.5095004380026573,-0.15062824492853588,0.11808815689988486
exact,2.5157899127846188,-0.15097874669126121,0.11808815689988486
exact,2.5220793875665803,-0.15132596955638222,0.11808815689988486
exact,2.5283688623485419,-0.15166981762829956,0.11808815689988486
exact,2.5346583371305034,-0.15201019682437189,0.11808815689988486
exact,2.5409478119124653,-0.1523470152460823,0.11808815689988486
exact,2.5472372866944268,-0.15268018353684365,0.11808815689988486
exact,2.5535267614763884,-0.15300961522529666,0.11808815689988486
exact,2.5598162362583499,-0.15333522705300895,0.11808815689988486
exact,2.5661057110403114,-0.15365693928555901,0.11808815689988486
exact,2.5723951858222729,-0.1539746760060583,0.11808815689988486
exact,2.5786846606042344,-0.15428836539023105,0.11808815689988486
exact,2.5849741353861959,-0.15459793996226112,0.11808815689988486
exact,2.5912636101681574,-0.15490333683067825,0.11808815689988486
exact,2.5975530849501189,-0.15520449790364788,0.11808815689988486
exact,2.6038425597320805,-0.15550137008310505,0.11808815689988486
exact,2.610132034514042,-0.15579390543725624,0.11808815689988486
exact,2.6164215092960035,-0.15608206135106084,0.11808815689988486
exact,2.6227109840779654,-0.15636580065438399,0.11808815689988486
exact,2.6290004588599269,-0.15664509172760122,0.11808815689988486
exact,2.6352899336418885,-0.15691990858452121,0.11808815689988486
exact,2.64157940842385,-0.15719023093257489,0.11808815689988486
exact,2.6478688832058115,-0.15745604421030746,0.11808815689988486
exact,2.654158357987773,-0.15771733960229017,0.11808815689988486
exact,2.6604478327697345,-0.15797411403165817,0.11808815689988486
exact,2.666737307551696,-0.15822637013055119,0.11808815689988486
exact,2.6730267823336575,-0.15847411618882368,0.11808815689988486
exact,2.679316257115619,-0.1587173660814658,0.11808815689988486
exact,2.6856057318975806,-0.15895613917524709,0.11808815689988486
exact,2.6918952066795421,-0.15919046021517347,0.11808815689988486
exact,2.698184681461504,-0.15942035919141695,0.11808815689988486
exact,2.7044741562434655,-0.15964587118744289,0.11808815689988486
exact,2.7107636310254271,-0.1598670362101251,0.11808815689988486
exact,2.7170531058073886,-0.16008389900269604,0.11808815689988486
exact,2.7233425805893501,-0.16029650884144486,0.11808815689988486
exact,2.7296320553713116,-0.16050491931711619,0.11808815689988486
exact,2.7359215301532731,-0.16070918810202328,0.11808815689988486
exact,2.7422110049352346,-0.16090937670392802,0.11808815689988486
exact,2.7485004797171961,-0.16110555020777984,0.11808815689988486
exact,2.7547899544991576,-0.16129777700644554,0.11808815689988486
exact,2.7610794292811192,-0.16148612852159328,0.11808815689988486
exact,2.7673689040630807,-0.16167067891591536,0.11808815689988486
exact,2.7736583788450422,-0.16185150479790489,0.11808815689988486
exact,2.7799478536270041,-0.162028684920411,0.11808815689988486
exact,2.7862373284089657,-0.16220229987422041,0.11808815689988486
exact,2.7925268031909272,-0.16237243177790706,0.11808815689988486
exact,2.7988162779728887,-0.16253916396520796,0.11808815689988486
exact,2.8051057527548502,-0.16270258067117671,0.11808815689988486
exact,2.8113952275368117,-0.16286276671835453,0.11808815689988486
exact,2.8176847023187732,-0.16301980720419951,0.11808815689988486
exact,2.8239741771007347,-0.16317378719098996,0.11808815689988486
exact,2.8302636518826962,-0.16332479139939793,0.11808815689988486
exact,2.8365531266646578,-0.16347290390691172,0.11808815689988486
exact,2.8428426014466193,-0.16361820785225001,0.11808815689988486
exact,2.8491320762285808,-0.1637607851468792,0.11808815689988486
exact,2.8554215510105423,-0.16390071619471425,0.11808815689988486
exact,2.8617110257925042,-0.16403807962103045,0.11808815689988486
exact,2.8680005005744658,-0.16417295201158277,0.11808815689988486
exact,2.8742899753564273,-0.16430540766287183,0.11808815689988486
exact,2.8805794501383888,-0.1644355183444457,0.11808815689988486
exact,2.8868689249203503,-0.16456335307408088,0.11808815689988486
exact,2.8931583997023118,-0.16468897790661086,0.11808815689988486
exact,2.8994478744842733,-0.16481245573713221,0.11808815689988486
exact,2.9057373492662348,-0.16493384611923778,0.11808815689988486
exact,2.9120268240481963,-0.165053205098872,0.11808815689988486
exact,2.9183162988301579,-0.16517058506433591,0.11808815689988486
exact,2.9246057736121194,-0.16528603461289648,0.11808815689988486
exact,2.9308952483940809,-0.16539959843439178,0.11808815689988486
exact,2.9371847231760424,-0.16551131721215051,0.11808815689988486
exact,2.9434741979580044,-0.16562122754146902,0.11808815689988486
exact,2.9497636727399659,-0.16572936186582643,0.11808815689988486
exact,2.9560531475219274,-0.16583574843093563,0.11808815689988486
exact,2.9623426223038889,-0.16594041125666692,0.11808815689988486
exact,2.9686320970858504,-0.16604337012679538,0.11808815689988486
exact,2.9749215718678119,-0.16614464059646938,0.11808815689988486
exact,2.9812110466497734,-0.16624423401720856,0.11808815689988486
exact,2.9875005214317349,-0.16634215757918647,0.11808815689988486
exact,2.9937899962136965,-0.16643841437047135,0.11808815689988486
exact,3.000079470995658,-0.16653300345284461,0.11808815689988486
exact,3.0063689457776195,-0.16662591995374054,0.11808815689988486
exact,3.012658420559581,-0.1667171551737987,0.11808815689988486
exact,3.018947895341543,-0.16680669670944981,0.11808815689988486
exact,3.0252373701235045,-0.16689452858990672,0.11808815689988486
exact,3.031526844905466,-0.16698063142787634,0.11808815689988486
exact,3.0378163196874275,-0.1670649825832462,0.11808815689988486
exact,3.044105794469389,-0.16714755633896838,0.11808815689988486
exact,3.0503952692513505,-0.16722832408830168,0.11808815689988486
exact,3.056684744033312,-0.16730725453253747,0.11808815689988486
exact,3.0629742188152735,-0.167384313888301,0.11808815689988486
exact,3.0692636935972351,-0.16745946610347395,0.11808815689988486
exact,3.0755531683791966,-0.16753267308076492,0.11808815689988486
exact,3.0818426431611581,-0.16760389490792105,0.11808815689988486
exact,3.0881321179431196,-0.1676730900935518,0.11808815689988486
exact,3.0944215927250811,-0.16774021580752074,0.11808815689988486
exact,3.1007110675070431,-0.16780522812484289,0.11808815689988486
exact,3.1070005422890046,-0.16786808227202055,0.11808815689988486
exact,3.1132900170709661,-0.16792873287473498,0.11808815689988486
exact,3.1195794918529276,-0.16798713420582523,0.11808815689988486
exact,3.1258689666348891,-0.16804324043247143,0.11808815689988486
exact,3.1321584414168506,-0.16809700586152099,0.11808815689988486
exact,3.1384479161988121,-0.16814838518189668,0.11808815689988486
exact,3.1447373909807737,-0.16819733370305245,0.11808815689988486
exact,3.1510268657627352,-0.16824380758844937,0.11808815689988486
exact,3.1573163405446967,-0.16828776408306123,0.11808815689988486
exact,3.1636058153266582,-0.16832916173393686,0.11808815689988486
exact,3.1698952901086197,-0.16836796060288228,0.11808815689988486
exact,3.1761847648905812,-0.16840412247036196,0.11808815689988486
exact,3.1824742396725432,-0.16843761102975363,0.11808815689988486
exact,3.1887637144545047,-0.16846839207113695,0.11808815689988486
exact,3.1950531892364662,-0.16849643365383904,0.11808815689988486
exact,3.2013426640184277,-0.16852170626700902,0.11808815689988486
exact,3.2076321388003892,-0.16854418297754692,0.11808815689988486
exact,3.2139216135823507,-0.16856383956476251,0.11808815689988486
exact,3.2202110883643122,-0.16858065464120042,0.11808815689988486
exact,3.2265005631462738,-0.16859460975912177,0.11808815689988486
exact,3.2327900379282353,-0.16860568950219701,0.11808815689988486
exact,3.2390795127101968,-0.16861388156202517,0.11808815689988486
exact,3.2453689874921583,-0.16861917679915794,0.11808815689988486
exact,3.2516584622741198,-0.16862156928837468,0.11808815689988486
exact,3.2579479370560813,-0.16862105634801605,0.11808815689988486
exact,3.2642374118380433,-0.16861763855325684,0.11808815689988486
exact,3.2705268866200048,-0.16861131973325916,0.11808815689988486
exact,3.2768163614019663,-0.16860210695221944,0.11808815689988486
exact,3.2831058361839278,-0.1685900104743896,0.11808815689988486
exact,3.2893953109658893,-0.16857504371321563,0.11808815689988486
exact,3.2956847857478508,-0.16855722316481181,0.11808815689988486
exact,3.3019742605298124,-0.16853656832604258,0.11808815689988486
exact,3.3082637353117739,-0.16851310159756272,0.11808815689988486
exact,3.3145532100937354,-0.16848684817221671,0.11808815689988486
exact,3.3208426848756969,-0.16845783590926866,0.11808815689988486
exact,3.3271321596576584,-0.16842609519499152,0.11808815689988486
exact,3.3334216344396199,-0.16839165879019868,0.11808815689988486
exact,3.3397111092215814,-0.16835456166536333,0.11808815689988486
exact,3.3460005840035434,-0.16831484082401804,0.11808815689988486
exact,3.3522900587855049,-0.16827253511517992,0.11808815689988486
exact,3.3585795335674664,-0.16822768503559393,0.11808815689988486
exact,3.3648690083494279,-0.16818033252263076,0.11808815689988486
exact,3.3711584831313894,-0.16813052073871793,0.11808815689988486
exact,3.377447957913351,-0.16807829384821649,0.11808815689988486
exact,3.3837374326953125,-0.16802369678769646,0.11808815689988486
exact,3.390026907477274,-0.16796677503058699,0.11808815689988486
exact,3.3963163822592355,-0.16790757434720738,0.11808815689988486
exact,3.402605857041197,-0.16784614056120972,0.11808815689988486
exact,3.4088953318231585,-0.16778251930347432,0.11808815689988486
exact,3.41518480660512,-0.16771675576452494,0.11808815689988486
exact,3.4214742813870815,-0.16764889444652753,0.11808815689988486
exact,3.4277637561690435,-0.16757897891595408,0.11808815689988486
exact,3.434053230951005,-0.16750705155798506,0.11808815689988486
exact,3.4403427057329665,-0.16743315333372799,0.11808815689988486
exact,3.446632180514928,-0.1673573235413186,0.11808815689988486
exact,3.4529216552968895,-0.16727959958195815,0.11808815689988486
exact,3.4592111300788511,-0.16720001673193208,0.11808815689988486
exact,3.4655006048608126,-0.16711860792162536,0.11808815689988486
exact,3.4717900796427741,-0.16703540352253265,0.11808815689988486
exact,3.4780795544247356,-0.16695043114323282,0.11808815689988486
exact,3.4843690292066971,-0.1668637154352608,0.11808815689988486
exact,3.4906585039886586,-0.16677527790977775,0.11808815689988486
exact,3.4969479787706201,-0.16668513676590224,0.11808815689988486
exact,3.5032374535525821,-0.16659330673151407,0.11808815689988486
exact,3.5095269283345436,-0.16649979891730793,0.11808815689988486
exact,3.5158164031165051,-0.16640462068481043,0.11808815689988486
exact,3.5221058778984666,-0.16630777552903386,0.11808815689988486
exact,3.5283953526804281,-0.16620926297637229,0.11808815689988486
exact,3.5346848274623897,-0.16610907849830059,0.11808815689988486
exact,3.5409743022443512,-0.16600721344135716,0.11808815689988486
exact,3.5472637770263127,-0.16590365497385173,0.11808815689988486
exact,3.5535532518082742,-0.16579838604965225,0.11808815689988486
exact,3.5598427265902357,-0.16569138538934836,0.11808815689988486
exact,3.5661322013721972,-0.16558262747902552,0.11808815689988486
exact,3.5724216761541587,-0.16547208258679769,0.11808815689988486
exact,3.5787111509361202,-0.16535971679719608,0.11808815689988486
exact,3.5850006257180822,-0.16524549206341932,0.11808815689988486
exact,3.5912901005000437,-0.16512936627739927,0.11808815689988486
exact,3.5975795752820052,-0.16501129335754405,0.11808815689988486
exact,3.6038690500639667,-0.16489122335396522,0.11808815689988486
exact,3.6101585248459283,-0.16476910257091182,0.11808815689988486
exact,3.6164479996278898,-0.16464487370607161,0.11808815689988486
exact,3.6227374744098513,-0.16451847600632397,0.11808815689988486
exact,3.6290269491918128,-0.16438984543946378,0.11808815689988486
exact,3.6353164239737743,-0.16425891488134337,0.11808815689988486
exact,3.6416058987557358,-0.16412561431782247,0.11808815689988486
exact,3.6478953735376973,-0.16398987106084184,0.11808815689988486
exact,3.6541848483196588,-0.16385160997788273,0.11808815689988486
exact,3.6604743231016204,-0.16371075373401145,0.11808815689988486
exact,3.6667637978835823,-0.1635672230456543,0.11808815689988486
exact,3.6730532726655438,-0.16342093694519166,0.11808815689988486
exact,3.6793427474475053,-0.16327181305541294,0.11808815689988486
exact,3.6856322222294668,-0.16311976787282678,0.11808815689988486
exact,3.6919216970114284,-0.16296471705877591,0.11808815689988486
exact,3.6982111717933899,-0.16280657573726631,0.11808815689988486
exact,3.7045006465753514,-0.16264525879839065,0.11808815689988486
exact,3.7107901213573129,-0.16248068120618364,0.11808815689988486
exact,3.7170795961392744,-0.16231275830973269,0.11808815689988486
exact,3.7233690709212359,-0.16214140615633188,0.11808815689988486
exact,3.7296585457031974,-0.16196654180545833,0.11808815689988486
exact,3.7359480204851589,-0.1617880836423301,0.11808815689988486
exact,3.7422374952671205,-0.16160595168980063,0.11808815689988486
exact,3.7485269700490824,-0.16142006791733243,0.11808815689988486
exact,3.7548164448310439,-0.16123035654580564,0.11808815689988486
exact,3.7611059196130054,-0.16103674434690407,0.11808815689988486
exact,3.767395394394967,-0.16083916093585071,0.11808815689988486
exact,3.7736848691769285,-0.16063753905626321,0.11808815689988486
exact,3.77997434395889,-0.16043181485593061,0.11808815689988486
exact,3.7862638187408515,-0.16022192815232528,0.11808815689988486
exact,3.792553293522813,-0.16000782268670577,0.11808815689988486
exact,3.7988427683047745,-0.15978944636568848,0.11808815689988486
exact,3.805132243086736,-0.15956675148920785,0.11808815689988486
exact,3.8114217178686975,-0.15933969496382905,0.11808815689988486
exact,3.8177111926506591,-0.15910823850042033,0.11808815689988486
exact,3.824000667432621,-0.15887234879524081,0.11808815689988486
exact,3.8302901422145825,-0.15863199769356207,0.11808815689988486
exact,3.836579616996544,-0.15838716233499017,0.11808815689988486
exact,3.8428690917785056,-0.15813782527971876,0.11808815689988486
exact,3.8491585665604671,-0.15788397461501869,0.11808815689988486
exact,3.8554480413424286,-0.15762560404132175,0.11808815689988486
exact,3.8617375161243901,-0.15736271293733783,0.11808815689988486
exact,3.8680269909063516,-0.15709530640372049,0.11808815689988486
exact,3.8743164656883131,-0.15682339528486056,0.11808815689988486
exact,3.8806059404702746,-0.15654699616847845,0.11808815689988486
exact,3.8868954152522361,-0.15626613136275869,0.11808815689988486
exact,3.8931848900341977,-0.15598082885085263,0.11808815689988486
exact,3.8994743648161592,-0.15569112222266468,0.11808815689988486
exact,3.9057638395981211,-0.15539705058391029,0.11808815689988486
exact,3.9120533143800826,-0.15509865844253168,0.11808815689988486
exact,3.9183427891620441,-0.1547959955726308,0.11808815689988486
exact,3.9246322639440057,-0.15448911685617561,0.11808815689988486
exact,3.9309217387259672,-0.15417808210281103,0.11808815689988486
exact,3.9372112135079287,-0.15386295584819676,0.11808815689988486
exact,3.9435006882898902,-0.15354380713137961,0.11808815689988486
exact,3.9497901630718517,-0.15322070925178088,0.11808815689988486
exact,3.9560796378538132,-0.15289373950647367,0.11808815689988486
exact,3.9623691126357747,-0.15256297890849724,0.11808815689988486
exact,3.9686585874177362,-0.15222851188702968,0.11808815689988486
exact,3.9749480621996978,-0.15189042597032654,0.11808815689988486
exact,3.9812375369816593,-0.15154881145239463,0.11808815689988486
exact,3.9875270117636212,-0.15120376104444455,0.11808815689988486
exact,3.9938164865455827,-0.15085536951223322,0.11808815689988486
exact,4.0001059613275443,-0.15050373330046729,0.11808815689988486
exact,4.0063954361095053,-0.15014895014549867,0.11808815689988486
exact,4.0126849108914673,-0.14979111867760198,0.11808815689988486
exact,4.0189743856734284,-0.14943033801416727,0.11808815689988486
exact,4.0252638604553903,-0.14906670734519933,0.11808815689988486
exact,4.0315533352373523,-0.14870032551254164,0.11808815689988486
exact,4.0378428100193133,-0.14833129058429739,0.11808815689988486
exact,4.0441322848012753,-0.14795969942593723,0.11808815689988486
exact,4.0504217595832364,-0.14758564726962409,0.11808815689988486
exact,4.0567112343651983,-0.14720922728329155,0.11808815689988486
exact,4.0630007091471594,-0.14683053014104608,0.11808815689988486
exact,4.0692901839291213,-0.1464496435964614,0.11808815689988486
exact,4.0755796587110824,-0.14606665206034497,0.11808815689988486
exact,4.0818691334930444,-0.14568163618455432,0.11808815689988486
exact,4.0881586082750054,-0.14529467245343797,0.11808815689988486
exact,4.0944480830569674,-0.14490583278445601,0.11808815689988486
exact,4.1007375578389285,-0.14451518413953446,0.11808815689988486
exact,4.1070270326208904,-0.14412278814866397,0.11808815689988486
exact,4.1133165074028524,-0.14372870074724142,0.11808815689988486
exact,4.1196059821848134,-0.14333297182861326,0.11808815689988486
exact,4.1258954569667754,-0.14293564491323418,0.11808815689988486
exact,4.1321849317487365,-0.14253675683582356,0.11808815689988486
exact,4.1384744065306984,-0.14213633745183241,0.11808815689988486
exact,4.1447638813126595,-0.14173440936450021,0.11808815689988486
exact,4.1510533560946214,-0.14133098767370145,0.11808815689988486
exact,4.1573428308765825,-0.14092607974772542,0.11808815689988486
exact,4.1636323056585445,-0.14051968501906509,0.11808815689988486
exact,4.1699217804405055,-0.1401117948052093,0.11808815689988486
exact,4.1762112552224675,-0.13970239215535862,0.11808815689988486
exact,4.1825007300044286,-0.13929145172390334,0.11808815689988486
exact,4.1887902047863905,-0.13887893967141096,0.11808815689988486
exact,4.1950796795683525,-0.13846481359378626,0.11808815689988486
exact,4.2013691543503136,-0.13804902248017004,0.11808815689988486
exact,4.2076586291322755,-0.13763150670005253,0.11808815689988486
exact,4.2139481039142366,-0.13721219801996798,0.11808815689988486
exact,4.2202375786961985,-0.13679101965005191,0.11808815689988486
exact,4.2265270534781596,-0.13636788632062702,0.11808815689988486
exact,4.2328165282601216,-0.13594270438888567,0.11808815689988486
exact,4.2391060030420826,-0.13551537197563301,0.11808815689988486
exact,4.2453954778240446,-0.13508577913194375,0.11808815689988486
exact,4.2516849526060057,-0.13465380803548654,0.11808815689988486
exact,4.2579744273879676,-0.13421933321615453,0.11808815689988486
exact,4.2642639021699287,-0.13378222181054278,0.11808815689988486
exact,4.2705533769518906,-0.13334233384470207,0.11808815689988486
exact,4.2768428517338526,-0.13289952254449833,0.11808815689988486
exact,4.2831323265158137,-0.13245363467279925,0.11808815689988486
exact,4.2894218012977756,-0.13200451089260978,0.11808815689988486
exact,4.2957112760797367,-0.13155198615518426,0.11808815689988486
exact,4.3020007508616986,-0.13109589011203604,0.11808815689988486
exact,4.3082902256436597,-0.13063604754968017,0.11808815689988486
exact,4.3145797004256217,-0.1301722788458507,0.11808815689988486
exact,4.3208691752075827,-0.12970440044584419,0.11808815689988486
exact,4.3271586499895447,-0.12923222535756418,0.11808815689988486
exact,4.3334481247715058,-0.1287555636637554,0.11808815689988486
exact,4.3397375995534677,-0.12827422304984559,0.11808815689988486
exact,4.3460270743354288,-0.12778800934574397,0.11808815689988486
exact,4.3523165491173907,-0.12729672707987194,0.11808815689988486
exact,4.3586060238993527,-0.12680018004366023,0.11808815689988486
exact,4.3648954986813138,-0.1262981718646673,0.11808815689988486
exact,4.3711849734632757,-0.12579050658644997,0.11808815689988486
exact,4.3774744482452368,-0.12527698925326025,0.11808815689988486
exact,4.3837639230271988,-0.12475742649761079,0.11808815689988486
exact,4.3900533978091598,-0.12423162712872193,0.11808815689988486
exact,4.3963428725911218,-0.12369940271984226,0.11808815689988486
exact,4.4026323473730828,-0.12316056819241239,0.11808815689988486
exact,4.4089218221550448,-0.12261494239503912,0.11808815689988486
exact,4.4152112969370059,-0.12206234867524024,0.11808815689988486
exact,4.4215007717189678,-0.12150261544192709,0.11808815689988486
exact,4.4277902465009298,-0.12093557671659905,0.11808815689988486
exact,4.4340797212828909,-0.12036107267124829,0.11808815689988486
exact,4.4403691960648528,-0.11977895015099516,0.11808815689988486
exact,4.4466586708468139,-0.11918906317950617,0.11808815689988486
exact,4.4529481456287758,-0.11859127344528808,0.11808815689988486
exact,4.4592376204107369,-0.11798545076699762,0.11808815689988486
exact,4.4655270951926989,-0.11737147353595545,0.11808815689988486
exact,4.4718165699746599,-0.116749229134121,0.11808815689988486
exact,4.4781060447566219,-0.11611861432583825,0.11808815689988486
exact,4.484395519538583,-0.11547953562174895,0.11808815689988486
exact,4.4906849943205449,-0.11483190961333856,0.11808815689988486
exact,4.496974469102506,-0.11417566327666495,0.11808815689988486
exact,4.5032639438844679,-0.11351073424391989,0.11808815689988486
exact,4.5095534186664299,-0.11283707104155261,0.11808815689988486
exact,4.515842893448391,-0.11215463329380293,0.11808815689988486
exact,4.5221323682303529,-0.1114633918905833,0.11808815689988486
exact,4.528421843012314,-0.11076332911876763,0.11808815689988486
exact,4.5347113177942759,-0.11005443875605281,0.11808815689988486
exact,4.541000792576237,-0.10933672612668621,0.11808815689988486
exact,4.547290267358199,-0.10861020811846145,0.11808815689988486
exact,4.55357974214016,-0.10787491316052134,0.11808815689988486
exact,4.559869216922122,-0.10713088116162739,0.11808815689988486
exact,4.5661586917040831,-0.10637816340869,0.11808815689988486
exact,4.572448166486045,-0.10561682242547699,0.11808815689988486
exact,4.5787376412680061,-0.10484693179156368,0.11808815689988486
exact,4.585027116049968,-0.10406857592171193,0.11808815689988486
exact,4.59131659083193,-0.10328184980600263,0.11808815689988486
exact,4.5976060656138911,-0.10248685871118624,0.11808815689988486
exact,4.603895540395853,-0.10168371784384311,0.11808815689988486
exact,4.6101850151778141,-0.10087255197608691,0.11808815689988486
exact,4.6164744899597761,-0.10005349503466965,0.11808815689988486
exact,4.6227639647417371,-0.099226689654486666,0.11808815689988486
exact,4.6290534395236991,-0.098392286697599474,0.11808815689988486
exact,4.6353429143056601,-0.097550444739030073,0.11808815689988486
exact,4.6416323890876221,-0.096701329520696211,0.11808815689988486
exact,4.6479218638695832,-0.095845113374982138,0.11808815689988486
exact,4.6542113386515451,-0.094981974619555487,0.11808815689988486
exact,4.6605008134335062,-0.094112096925146105,0.11808815689988486
exact,4.6667902882154682,-0.093235668658122162,0.11808815689988486
exact,4.6730797629974301,-0.092352882199790098,0.11808815689988486
exact,4.6793692377793912,-0.09146393324444313,0.11808815689988486
exact,4.6856587125613531,-0.090569020078282714,0.11808815689988486
exact,4.6919481873433142,-0.089668342841411786,0.11808815689988486
exact,4.6982376621252762,-0.088762102775180041,0.11808815689988486
exact,4.7045271369072372,-0.087850501457235941,0.11808815689988486
exact,4.7108166116891992,-0.086933740026696849,0.11808815689988486
exact,4.7171060864711603,-0.086012018401922186,0.11808815689988486
exact,4.7233955612531222,-0.085085534493392401,0.11808815689988486
exact,4.7296850360350833,-0.084154483414278669,0.11808815689988486
exact,4.7359745108170452,-0.083219056691282267,0.11808815689988486
exact,4.7422639855990063,-0.082279441478376958,0.11808815689988486
exact,4.7485534603809683,-0.08133581977608173,0.11808815689988486
exact,4.7548429351629302,-0.080388367658923432,0.11808815689988486
exact,4.7611324099448913,-0.079437254513718192,0.11808815689988486
exact,4.7674218847268532,-0.07848264229131674,0.11808815689988486
exact,4.7737113595088143,-0.077524684774433528,0.11808815689988486
exact,4.7800008342907763,-0.076563526864135478,0.11808815689988486
exact,4.7862903090727373,-0.075599303887562863,0.11808815689988486
exact,4.7925797838546993,-0.074632140929374979,0.11808815689988486
exact,4.7988692586366604,-0.07366215218939276,0.11808815689988486
exact,4.8051587334186223,-0.072689440368816194,0.11808815689988486
exact,4.8114482082005834,-0.071714096087355461,0.11808815689988486
exact,4.8177376829825453,-0.07073619733351344,0.11808815689988486
exact,4.8240271577645064,-0.069755808950180853,0.11808815689988486
exact,4.8303166325464684,-0.068772982157608298,0.11808815689988486
exact,4.8366061073284303,-0.067787754115721133,0.11808815689988486
exact,4.8428955821103914,-0.0668001475276222,0.11808815689988486
exact,4.8491850568923534,-0.065810170286028646,0.11808815689988486
exact,4.8554745316743144,-0.064817815164251003,0.11808815689988486
exact,4.8617640064562764,-0.063823059553192674,0.11808815689988486
exact,4.8680534812382374,-0.06282586524573297,0.11808815689988486
exact,4.8743429560201994,-0.061826178269680065,0.11808815689988486
exact,4.8806324308021605,-0.060823928770368685,0.11808815689988486
exact,4.8869219055841224,-0.059819030943802587,0.11808815689988486
exact,4.8932113803660835,-0.058811383021098118,0.11808815689988486
exact,4.8995008551480455,-0.057800867304812154,0.11808815689988486
exact,4.9057903299300065,-0.056787350257596514,0.11808815689988486
exact,4.9120798047119685,-0.055770682643429992,0.11808815689988486
exact,4.9183692794939304,-0.054750699721526019,0.11808815689988486
exact,4.9246587542758915,-0.053727221492841926,0.11808815689988486
exact,4.9309482290578535,-0.052700052998935321,0.11808815689988486
exact,4.9372377038398145,-0.051668984672753382,0.11808815689988486
exact,4.9435271786217765,-0.050633792740753858,0.11808815689988486
exact,4.9498166534037376,-0.049594239675598284,0.11808815689988486
exact,4.9561061281856995,-0.048550074698474166,0.11808815689988486
exact,4.9623956029676606,-0.047501034329938685,0.11808815689988486
exact,4.9686850777496225,-0.046446842988006054,0.11808815689988486
exact,4.9749745525315836,-0.045387213632040124,0.11808815689988486
exact,4.9812640273135456,-0.04432184845083853,0.11808815689988486
exact,4.9875535020955066,-0.043250439593153001,0.11808815689988486
exact,4.9938429768774686,-0.042172669938716378,0.11808815689988486
exact,5.0001324516594305,-0.041088213907717219,0.11808815689988486
exact,5.0064219264413916,-0.03999673830649797,0.11808815689988486
exact,5.0127114012233536,-0.03889790320712927,0.11808815689988486
exact,5.0190008760053146,-0.037791362858370481,0.11808815689988486
exact,5.0252903507872766,-0.036676766625405866,0.11808815689988486
exact,5.0315798255692377,-0.035553759955622155,0.11808815689988486
exact,5.0378693003511996,-0.034421985367585894,0.11808815689988486
exact,5.0441587751331607,-0.033281083460279248,0.11808815689988486
exact,5.0504482499151226,-0.032130693939538157,0.11808815689988486
exact,5.0567377246970837,-0.030970456658589551,0.11808815689988486
exact,5.0630271994790457,-0.029800012669459197,0.11808815689988486
exact,5.0693166742610067,-0.028619005282001009,0.11808815689988486
exact,5.0756061490429687,-0.02742708112720238,0.11808815689988486
exact,5.0818956238249307,-0.026223891221403561,0.11808815689988486
exact,5.0881850986068917,-0.025009092028012159,0.11808815689988486
exact,5.0944745733888537,-0.02378234651327582,0.11808815689988486
exact,5.1007640481708147,-0.022543325192659003,0.11808815689988486
exact,5.1070535229527767,-0.021291707164369233,0.11808815689988486
exact,5.1133429977347378,-0.020027181126571425,0.11808815689988486
exact,5.1196324725166997,-0.018749446374867196,0.11808815689988486
exact,5.1259219472986608,-0.017458213776624598,0.11808815689988486
exact,5.1322114220806228,-0.016153206718790059,0.11808815689988486
exact,5.1385008968625838,-0.014834162025879838,0.11808815689988486
exact,5.1447903716445458,-0.013500830844877298,0.11808815689988486
exact,5.1510798464265068,-0.012152979493871507,0.11808815689988486
exact,5.1573693212084688,-0.010790390271329997,0.11808815689988486
exact,5.1636587959904308,-0.0094128622230056358,0.11808815689988486
exact,5.1699482707723918,-0.0080202118635787079,0.11808815689988486
exact,5.1762377455543538,-0.006612273850247874,0.11808815689988486
exact,5.1825272203363149,-0.0051889016056131387,0.11808815689988486
exact,5.1888166951182768,-0.0037499678873282871,0.11808815689988486
exact,5.1951061699002379,-0.002295365302135921,0.11808815689988486
exact,5.2013956446821998,-0.00082500676206587187,0.11808815689988486
exact,5.2076851194641609,0.00066117411927923975,0.11808815689988486
exact,5.2139745942461229,0.0021632226922378983,0.11808815689988486
exact,5.2202640690280839,0.003681163000128107,0.11808815689988486
exact,5.2265535438100459,0.0052149975733495335,0.11808815689988486
exact,5.232843018592007,0.0067647072898802119,0.11808815689988486
exact,5.2391324933739689,0.0083302513033314263,0.11808815689988486
exact,5.2454219681559309,0.0099115670394864797,0.11808815689988486
exact,5.2517114429378919,0.011508570262076967,0.11808815689988486
exact,5.2580009177198539,0.013121155208307256,0.11808815689988486
exact,5.264290392501815,0.014749194794436038,0.11808815689988486
exact,5.2705798672837769,0.01639254089151021,0.11808815689988486
exact,5.276869342065738,0.018051024671109639,0.11808815689988486
exact,5.2831588168476999,0.019724457020746655,0.11808815689988486
exact,5.289448291629661,0.021412629028340291,0.11808815689988486
exact,5.295737766411623,0.023115312534955912,0.11808815689988486
exact,5.302027241193584,0.02483226075477174,0.11808815689988486
exact,5.308316715975546,0.026563208961026818,0.11808815689988486
exact,5.314606190757508,0.028307875236454061,0.11808815689988486
exact,5.320895665539469,0.030065961286511289,0.11808815689988486
exact,5.327185140321431,0.031837153313482469,0.11808815689988486
exact,5.333474615103392,0.033621122949322846,0.11808815689988486
exact,5.339764089885354,0.035417528244901408,0.11808815689988486
exact,5.3460535646673151,0.037226014713092503,0.11808815689988486
exact,5.352343039449277,0.039046216422985225,0.11808815689988486
exact,5.3586325142312381,0.040877757142247839,0.11808815689988486
exact,5.3649219890132001,0.042720251524552832,0.11808815689988486
exact,5.3712114637951611,0.044573306338737018,0.11808815689988486
exact,5.3775009385771231,0.046436521736244796,0.11808815689988486
exact,5.3837904133590841,0.048309492553208822,0.11808815689988486
exact,5.3900798881410461,0.050191809643401974,0.11808815689988486
exact,5.3963693629230081,0.052083061238118677,0.11808815689988486
exact,5.4026588377049691,0.053982834328947238,0.11808815689988486
exact,5.4089483124869311,0.055890716069251445,0.11808815689988486
exact,5.4152377872688922,0.057806295190078849,0.11808815689988486
exact,5.4215272620508541,0.059729163426121223,0.11808815689988486
exact,5.4278167368328152,0.061658916947257447,0.11808815689988486
exact,5.4341062116147771,0.063595157791151102,0.11808815689988486
exact,5.4403956863967382,0.065537495292302017,0.11808815689988486
exact,5.4466851611787002,0.067485547502922349,0.11808815689988486
exact,5.4529746359606612,0.069438942600954512,0.11808815689988486
exact,5.4592641107426232,0.071397320280552901,0.11808815689988486
exact,5.4655535855245843,0.073360333120328747,0.11808815689988486
exact,5.4718430603065462,0.07532764792467983,0.11808815689988486
exact,5.4781325350885082,0.077298947033542564,0.11808815689988486
exact,5.4844220098704692,0.079273929595945036,0.11808815689988486
exact,5.4907114846524312,0.0812523128027971,0.11808815689988486
exact,5.4970009594343923,0.083233833074405794,0.11808815689988486
exact,5.5032904342163542,0.085218247198306951,0.11808815689988486
exact,5.5095799089983153,0.087205333413072905,0.11808815689988486
exact,5.5158693837802772,0.089194892433890338,0.11808815689988486
exact,5.5221588585622383,0.091186748415804875,0.11808815689988486
exact,5.5284483333442003,0.093180749850672262,0.11808815689988486
exact,5.5347378081261613,0.095176770394008736,0.11808815689988486
exact,5.5410272829081233,0.097174709618090382,0.11808815689988486
exact,5.5473167576900844,0.099174493687817833,0.11808815689988486
exact,5.5536062324720463,0.10117607595606981,0.11808815689988486
exact,5.5598957072540083,0.10317943747544289,0.11808815689988486
exact,5.5661851820359693,0.10518458742350045,0.11808815689988486
exact,5.5724746568179313,0.10719156343886738,0.11808815689988486
exact,5.5787641315998924,0.10920043186572914,0.11808815689988486
exact,5.5850536063818543,0.11121128790455614,0.11808815689988486
exact,5.5913430811638154,0.11322425566709127,0.11808815689988486
exact,5.5976325559457774,0.11523948813392182,0.11808815689988486
exact,5.6039220307277384,0.11725716701319899,0.11808815689988486
exact,5.6102115055097004,0.11927750249936397,0.11808815689988486
exact,5.6165009802916614,0.12130073293098365,0.11808815689988486
exact,5.6227904550736234,0.12332712434711945,0.11808815689988486
exact,5.6290799298555845,0.12535696994189838,0.11808815689988486
exact,5.6353694046375464,0.12739058941728976,0.11808815689988486
exact,5.6416588794195084,0.12942832823434292,0.11808815689988486
exact,5.6479483542014695,0.13147055676346864,0.11808815689988486
exact,5.6542378289834314,0.1335176693346305,0.11808815689988486
exact,5.6605273037653925,0.13557008318860508,0.11808815689988486
exact,5.6668167785473544,0.13762823733078977,0.11808815689988486
exact,5.6731062533293155,0.13969259128929767,0.11808815689988486
exact,5.6793957281112775,0.14176362377941487,0.11808815689988486
exact,5.6856852028932385,0.14384183127674732,0.11808815689988486
exact,5.6919746776752005,0.14592772650170849,0.11808815689988486
exact,5.6982641524571616,0.14802183681824754,0.11808815689988486
exact,5.7045536272391235,0.15012470255002697,0.11808815689988486
exact,5.7108431020210846,0.15223687521750362,0.11808815689988486
exact,5.7171325768030465,0.15435891569965432,0.11808815689988486
exact,5.7234220515850085,0.15649139232432407,0.11808815689988486
exact,5.7297115263669696,0.15863487889143424,0.11808815689988486
exact,5.7360010011489315,0.16078995263352813,0.11808815689988486
exact,5.7422904759308926,0.16295719211834658,0.11808815689988486
exact,5.7485799507128545,0.16513717509835968,0.11808815689988486
exact,5.7548694254948156,0.16733047631237175,0.11808815689988486
exact,5.7611589002767776,0.16953766524452529,0.11808815689988486
exact,5.7674483750587386,0.17175930384618998,0.11808815689988486
exact,5.7737378498407006,0.17399594422641629,0.11808815689988486
exact,5.7800273246226617,0.17624812631675257,0.11808815689988486
exact,5.7863167994046236,0.17851637551640342,0.11808815689988486
exact,5.7926062741865847,0.18080120032378511,0.11808815689988486
exact,5.7988957489685466,0.18310308996068114,0.11808815689988486
exact,5.8051852237505086,0.18542251199527104,0.11808815689988486
exact,5.8114746985324697,0.18775990997037706,0.11808815689988486
exact,5.8177641733144316,0.19011570104335518,0.11808815689988486
exact,5.8240536480963927,0.1924902736440699,0.11808815689988486
exact,5.8303431228783547,0.19488398515743466,0.11808815689988486
exact,5.8366325976603157,0.19729715963700389,0.11808815689988486
exact,5.8429220724422777,0.19973008555608818,0.11808815689988486
exact,5.8492115472242387,0.20218301360283575,0.11808815689988486
exact,5.8555010220062007,0.20465615452568064,0.11808815689988486
exact,5.8617904967881618,0.20714967703549347,0.11808815689988486
exact,5.8680799715701237,0.20966370577069049,0.11808815689988486
exact,5.8743694463520848,0.21219831933144695,0.11808815689988486
exact,5.8806589211340468,0.21475354838907079,0.11808815689988486
exact,5.8869483959160087,0.21732937387642148,0.11808815689988486
exact,5.8932378706979698,0.21992572526514831,0.11808815689988486
exact,5.8995273454799317,0.22254247893532697,0.11808815689988486
exact,5.9058168202618928,0.22517945664289751,0.11808815689988486
exact,5.9121062950438548,0.22783642409012028,0.11808815689988486
exact,5.9183957698258158,0.23051308960403549,0.11808815689988486
exact,5.9246852446077778,0.23320910292768504,0.11808815689988486
exact,5.9309747193897389,0.23592405412863027,0.11808815689988486
exact,5.9372641941717008,0.23865747262901227,0.11808815689988486
exact,5.9435536689536619,0.24140882636115046,0.11808815689988486
exact,5.9498431437356238,0.24417752105239687,0.11808815689988486
exact,5.9561326185175849,0.24696289964264029,0.11808815689988486
exact,5.9624220932995469,0.24976424183758672,0.11808815689988486
exact,5.9687115680815088,0.25258076380058569,0.11808815689988486
exact,5.9750010428634699,0.25541161798548262,0.11808815689988486
exact,5.9812905176454318,0.25825589311261909,0.11808815689988486
exact,5.9875799924273929,0.26111261428975796,0.11808815689988486
exact,5.9938694672093549,0.26398074327938681,0.11808815689988486
exact,6.0001589419913159,0.26685917891345801,0.11808815689988486
exact,6.0064484167732779,0.26974675765630551,0.11808815689988486
exact,6.012737891555239,0.27264225431606692,0.11808815689988486
exact,6.0190273663372009,0.27554438290461736,0.11808815689988486
exact,6.025316841119162,0.27845179764561001,0.11808815689988486
exact,6.0316063159011239,0.28136309412987326,0.11808815689988486
exact,6.0378957906830859,0.2842768106170277,0.11808815689988486
exact,6.044185265465047,0.2871914294818152,0.11808815689988486
exact,6.0504747402470089,0.29010537880327503,0.11808815689988486
exact,6.05676421502897,0.29301703409450308,0.11808815689988486
exact,6.063053689810932,0.29592472017041027,0.11808815689988486
exact,6.069343164592893,0.29882671315048803,0.11808815689988486
exact,6.075632639374855,0.3017212425932807,0.11808815689988486
exact,6.0819221141568161,0.30460649375887416,0.11808815689988486
exact,6.088211588938778,0.30748060999540772,0.11808815689988486
exact,6.0945010637207391,0.31034169524525179,0.11808815689988486
exact,6.100790538502701,0.31318781666620521,0.11808815689988486
exact,6.1070800132846621,0.31601700736271132,0.11808815689988486
exact,6.1133694880666241,0.31882726922184035,0.11808815689988486
exact,6.119658962848586,0.32161657584845282,0.11808815689988486
exact,6.1259484376305471,0.32438287559370726,0.11808815689988486
exact,6.132237912412509,0.32712409467081005,0.11808815689988486
exact,6.1385273871944701,0.32983814035163905,0.11808815689988486
exact,6.1448168619764321,0.33252290423767583,0.11808815689988486
exact,6.1511063367583931,0.33517626559840874,0.11808815689988486
exact,6.1573958115403551,0.33779609477023231,0.11808815689988486
exact,6.1636852863223162,0.34038025660862115,0.11808815689988486
exact,6.1699747611042781,0.34292661398624058,0.11808815689988486
exact,6.1762642358862392,0.34543303132946446,0.11808815689988486
exact,6.1825537106682011,0.34789737818568045,0.11808815689988486
exact,6.1888431854501622,0.35031753281360678,0.11808815689988486
exact,6.1951326602321242,0.35269138578879944,0.11808815689988486
exact,6.2014221350140861,0.35501684361640007,0.11808815689988486
exact,6.2077116097960472,0.35729183234318063,0.11808815689988486
exact,6.2140010845780091,0.3595143011608537,0.11808815689988486
exact,6.2202905593599702,0.36168222599263555,0.11808815689988486
exact,6.2265800341419322,0.36379361305504498,0.11808815689988486
exact,6.2328695089238932,0.36584650238694172,0.11808815689988486
exact,6.2391589837058552,0.36783897133786625,0.11808815689988486
exact,6.2454484584878163,0.36976913800779609,0.11808815689988486
exact,6.2517379332697782,0.37163516463053359,0.11808815689988486
exact,6.2580274080517393,0.37343526089302559,0.11808815689988486
exact,6.2643168828337012,0.37516768718307048,0.11808815689988486
exact,6.2706063576156623,0.37683075775798125,0.11808815689988486
exact,6.2768958323976243,0.37842284382695923,0.11808815689988486
exact,6.2831853071795862,0.37994237654010377,0.11808815689988486
